26_NAM;26_IDEN
Frankenthal - Mitte;"3353110000010"
Frankenthal - Nord;"3353110000020"
Frankenthal - Ost;"3353110000030"
Frankenthal - Süd;"3353110000040"
Frankenthal - West;"3353110000050"
Frankenthal - Mörsch;"3353110000060"
Frankenthal - Studernheim;"3353110000070"
Frankenthal - Eppstein;"3353110000080"
Frankenthal - Flomersheim;"3353110000090"
Neustadt an der Weinstraße/Oststadt;"4433160000070"
Neustadt an der Weinstraße/Schöntal;"4433160000040"
Neustadt an der Weinstraße/Haardt;"4433160000044"
Neustadt an der Weinstraße/Vorstadt;"4433160000030"
Neustadt an der Weinstraße/Böbig;"4433160000060"
Neustadt an der Weinstraße/Geinsheim;"4433160000022"
Neustadt an der Weinstraße/Hambacher Höhe;"4433160000020"
Neustadt an der Weinstraße/Königsbach;"4433160000066"
Neustadt an der Weinstraße/Diedesfeld;"4433160000011"
Neustadt an der Weinstraße/Gimmeldingen;"4433160000033"
Neustadt an der Weinstraße/Mußbach;"4433160000088"
Neustadt an der Weinstraße/Lachen-Speyerdorf;"4433160000077"
Neustadt an der Weinstraße/Duttweiler;"4433160000099"
Neustadt an der Weinstraße/Hambach;"4433160000055"
Neustadt an der Weinstraße/Winzingen;"4433160000050"
Neustadt an der Weinstraße/Innenstadt;"4433160000010"
Pirmasens;"4483170000021"
Fehrbach;"4483170000023"
Erlenbrunn;"4483170000022"
Windsberg;"4483170000028"
Hengsberg;"4483170000024"
Winzeln;"4483170000026"
Niedersimten;"4483170000025"
Gersbach;"4483170000027"
Obergeckler;"2212320550300"
"Bad Neuenahr-Ahrweiler, Verbandsfreie Gemeinde";"1141310000700"
"Grafschaft, Verbandsfreie Gemeinde";"1141310009000"
Adenau;"1141310100100"
Antweiler;"1141310100400"
Aremberg;"1141310100500"
Barweiler;"1141310100800"
Bauler;"1141310100900"
Dankerath;"1141310101500"
Dorsel;"1141310101800"
Eichenbach;"1141310102100"
Fuchshofen;"1141310102200"
Harscheid;"1141310102600"
Herschbroich;"1141310102800"
Hoffeld;"1141310103000"
Honerath;"1141310103200"
Hümmel;"1141310103300"
Insul;"1141310103400"
Kaltenborn;"1141310103700"
Kottenborn;"1141310104200"
Leimbach;"1141310104400"
Meuspath;"1141310105000"
Müllenbach;"1141310105100"
Müsch;"1141310105200"
Nürburg;"1141310105800"
Ohlenhard;"1141310106200"
Pomster;"1141310106500"
Quiddelbach;"1141310106600"
Reifferscheid;"1141310106900"
Rodder;"1141310107200"
Schuld;"1141310107400"
Senscheid;"1141310107500"
Sierscheid;"1141310107600"
Trierscheid;"1141310107900"
Wershofen;"1141310108200"
Wiesemscheid;"1141310108300"
Wimbach;"1141310108400"
Winnerath;"1141310108500"
Wirft;"1141310108600"
Dümpelfeld;"1141310150100"
Ahrbrück;"1141310200200"
Altenahr;"1141310200300"
Berg;"1141310201100"
Dernau;"1141310201700"
Heckenbach;"1141310202700"
Hönningen;"1141310202900"
Kalenborn;"1141310203600"
Kesseling;"1141310203900"
Kirchsahr;"1141310204000"
Lind;"1141310204700"
Mayschoß;"1141310204900"
Rech;"1141310206800"
Bad Breisig;"1131310300600"
Brohl-Lützing;"1131310301400"
Gönnersdorf;"1131310302500"
Waldorf;"1131310308100"
Dedenbach;"1131310401600"
Königsfeld;"1131310404100"
Niederdürenbach;"1131310405400"
Niederzissen;"1131310405500"
Oberdürenbach;"1131310405900"
Oberzissen;"1131310406000"
Schalkenbach;"1131310407300"
Brenk;"1131310420100"
Burgbrohl;"1131310420200"
Galenberg;"1131310420400"
Glees;"1131310420500"
Hohenleimbach;"1131310420600"
Spessart;"1131310420800"
Wassenach;"1131310420900"
Wehr;"1131310421000"
Weibern;"1131310421100"
Kempenich;"1131310450200"
Daaden;"1011320301800"
Derschen;"1011320301900"
Emmerzhausen;"1011320302600"
Friedewald;"1011320303600"
"Herdorf, Stadt";"1011320305000"
Mauden;"1011320306800"
Niederdreisbach;"1011320307500"
Nisterberg;"1011320307900"
Schutzbach;"1011320310100"
Weitefeld;"1011320311300"
Birkenbeul;"1021320600700"
Bitzen;"1021320601000"
Breitscheidt;"1021320601300"
Bruchertseifen;"1021320601400"
Etzbach;"1021320602800"
Forst;"1021320603400"
Fürthen;"1021320603800"
Hamm (Sieg);"1021320604400"
Niederirsen;"1021320607700"
Pracht;"1021320609100"
Roth;"1021320609600"
Seelbach bei Hamm (Sieg);"1021320610200"
Brachbach;"1011320701200"
Friesenhagen;"1011320703700"
Harbach;"1011320704500"
Kirchen (Sieg);"1011320706300"
Mudersbach;"1011320707200"
Niederfischbach;"1011320707600"
Birken-Honigsessen;"1021320800800"
Mittelhof;"1021320801100"
Hövels;"1021320805400"
Katzwinkel (Sieg);"1021320808000"
Selbach (Sieg);"1021320810500"
Wissen;"1021320811700"
Alsdorf;"1011320900200"
Betzdorf;"1011320900600"
Dickendorf;"1011320902000"
Elben;"1011320902400"
Elkenroth;"1011320902500"
Fensdorf;"1011320903000"
Gebhardshain;"1011320903900"
Grünebach;"1011320904200"
Kausen;"1011320905900"
Malberg;"1011320906600"
Molzhain;"1011320907100"
Nauroth;"1011320907300"
Rosenheim (Landkreis Altenkirchen);"1011320909500"
Scheuerfeld;"1011320909800"
Steinebach (Sieg);"1011320910700"
Steineroth;"1011320910800"
Wallmenroth;"1011320911100"
Almersbach;"1021321000100"
Bachenberg;"1021321000400"
Berzhausen;"1021321000500"
Birnbach;"1021321000900"
Bürdenbach;"1021321001500"
Burglahr;"1021321001600"
Busenhausen;"1021321001700"
Eichelhardt;"1021321002200"
Eichen;"1021321002300"
Ersfeld;"1021321002700"
Eulenberg;"1021321002900"
Fiersbach;"1021321003100"
Flammersfeld;"1021321003200"
Fluterschen;"1021321003300"
Forstmehren;"1021321003500"
Gieleroth;"1021321004000"
Giershausen;"1021321004100"
Güllesheim;"1021321004300"
Hasselbach;"1021321004600"
Helmenzen;"1021321004700"
Helmeroth;"1021321004800"
Hemmelzen;"1021321004900"
Heupelzen;"1021321005100"
Hilgenroth;"1021321005200"
Hirz-Maulsbach;"1021321005300"
Horhausen (Westerwald);"1021321005500"
Idelberg;"1021321005600"
Ingelbach;"1021321005700"
Isert;"1021321005800"
Kescheid;"1021321006000"
Kettenhausen;"1021321006100"
Kircheib;"1021321006200"
Kraam;"1021321006400"
Krunkel;"1021321006500"
Mammelzen;"1021321006700"
Mehren;"1021321006900"
Michelbach (Westerwald);"1021321007000"
Neitersen;"1021321050200"
Niedersteinebach;"1021321007800"
Obererbach (Westerwald);"1021321008100"
Oberirsen;"1021321008200"
Oberlahr;"1021321008300"
Obersteinebach;"1021321008500"
Oberwambach;"1021321008600"
Ölsen;"1021321008700"
Orfgen;"1021321008800"
Peterslahr;"1021321008900"
Pleckhausen;"1021321009000"
Racksen;"1021321009200"
Reiferscheid;"1021321009300"
Rettersen;"1021321009400"
Rott;"1021321009700"
Schöneberg;"1021321009900"
Schürdt;"1021321010000"
Seelbach (Westerwald);"1021321010300"
Seifen;"1021321010400"
Sörth;"1021321010600"
Stürzelbach;"1021321010900"
Volkerzen;"1021321011000"
Walterschen;"1021321011200"
Werkhausen;"1021321011400"
Weyerbusch;"1021321011500"
Willroth;"1021321011600"
Wölmersen;"1021321011800"
Ziegenhain;"1021321011900"
Berod bei Hachenburg;"1021321020100"
Altenkirchen (Westerwald);"1021321050100"
Altenbamberg;"2171330100300"
Biebelsheim;"2171330101200"
Feilbingert;"2171330103000"
Frei-Laubersheim;"2171330103100"
Fürfeld;"2171330103200"
Hackenheim;"2171330103700"
Hallgarten;"2171330103900"
Hochstätten;"2171330104500"
Neu-Bamberg;"2171330106900"
Pfaffen-Schwabenheim;"2171330107800"
Pleitersheim;"2171330108000"
Tiefenthal;"2171330110400"
Volxheim;"2171330110600"
Allenfeld;"2181330600200"
Argenschwang;"2181330600400"
Bockenau;"2181330601300"
Boos;"2181330601400"
Braunweiler;"2181330601500"
Burgsponheim;"2181330601900"
Dalberg;"2181330602100"
Duchroth;"2181330602700"
Gebroth;"2181330603300"
Gutenberg;"2181330603600"
Hargesheim;"2181330604000"
Hergenfeld;"2181330604400"
Hüffelsheim;"2181330604800"
Mandel;"2181330606100"
Münchwald;"2181330606800"
Niederhausen;"2181330607000"
Norheim;"2181330607100"
Oberhausen an der Nahe;"2181330607400"
Oberstreit;"2181330607500"
Roxheim;"2181330608600"
Sankt Katharinen;"2181330608800"
Schloßböckelheim;"2181330608900"
Sommerloch;"2181330609800"
Spabrücken;"2181330609900"
Spall;"2181330610000"
Sponheim;"2181330610100"
Traisen;"2181330610500"
Waldböckelheim;"2181330610700"
Wallhausen;"2181330610900"
Weinsheim;"2181330611200"
Winterbach;"2181330611500"
Rüdesheim;"2181330611700"
Bärenbach;"2181330900800"
Becherbach bei Kirn;"2181330901000"
Brauweiler;"2181330901600"
Hahnenbach;"2181330903800"
Heimweiler;"2181330904100"
Hennweiler;"2181330904300"
Hochstetten-Dhaun;"2181330904600"
Kirn;"2181330905200"
Limbach;"2181330905900"
Meckenbach;"2181330906300"
Oberhausen bei Kirn;"2181330907300"
Otzweiler;"2181330907700"
Simmertal;"2181330909600"
Weitersborn;"2181330911300"
Bruschied;"2181330920100"
Kellenbach;"2181330920200"
Königsau;"2181330920300"
Schneppenbach;"2181330920400"
Schwarzerden;"2181330920500"
Abtweiler;"2181331000100"
Auen;"2181331000500"
Bärweiler;"2181331000900"
Becherbach;"2181331001100"
Breitenheim;"2181331001700"
Callbach;"2181331002000"
Daubach;"2181331002200"
Desloch;"2181331002400"
Hundsbach;"2181331004900"
Ippenschied;"2181331005000"
Jeckenbach;"2181331005100"
Kirschroth;"2181331005300"
Langenthal;"2181331005500"
Lauschied;"2181331005700"
Löllbach;"2181331006000"
Meddersheim;"2181331006400"
Meisenheim;"2181331006500"
Merxheim;"2181331006600"
Monzingen;"2181331006700"
Nußbaum;"2181331007200"
Odernheim am Glan;"2181331007600"
Rehbach;"2181331008200"
Rehborn;"2181331008300"
Reiffelbach;"2181331008400"
Schmittweiler;"2181331009000"
Schweinschied;"2181331009200"
Seesbach;"2181331009400"
Staudernheim;"2181331010200"
Weiler bei Monzingen;"2181331011100"
Winterburg;"2181331011600"
Bad Sobernheim;"2181331050100"
Bretzenheim;"2171331101800"
Daxweiler;"2171331102300"
Dörrebach;"2171331102500"
Dorsheim;"2171331102600"
Eckenroth;"2171331102800"
Guldental;"2171331103500"
Langenlonsheim;"2171331105400"
Laubenheim;"2171331105600"
Heinzenberg;"2181330904200"
Horbach;"2181330904700"
Lettweiler;"2181331005800"
Martinstein;"2181331006200"
Raumbach;"2181331008100"
Roth;"2171331108500"
Rümmelsheim;"2171331108700"
Schöneberg;"2171331109100"
Schweppenhausen;"2171331109300"
Seibersbach;"2171331109500"
Stromberg;"2171331110300"
Waldlaubersheim;"2171331110800"
Warmsroth;"2171331111000"
Windesheim;"2171331111400"
Baumholder;"2191340100500"
Berglangenbach;"2191340100700"
Berschweiler bei Baumholder;"2191340100800"
Eckersweiler;"2191340102100"
Fohren-Linden;"2191340102600"
Frauenberg;"2191340102700"
Hahnweiler;"2191340103300"
Heimbach;"2191340103600"
Leitzweiler;"2191340105100"
Mettweiler;"2191340105400"
Reichenbach;"2191340106800"
Rohrbach;"2191340107300"
Rückweiler;"2191340107400"
Ruschberg;"2191340107500"
Abentheuer;"2191340200100"
Achtelsbach;"2191340200200"
Birkenfeld;"2191340201000"
Börfink;"2191340201100"
Brücken;"2191340201500"
Buhlenberg;"2191340201600"
Dambach;"2191340201800"
Dienstweiler;"2191340202000"
Elchweiler;"2191340202200"
Ellenberg;"2191340202300"
Ellweiler;"2191340202400"
Gimbweiler;"2191340202900"
Gollenberg;"2191340203100"
Hattgenstein;"2191340203400"
Hoppstädten-Weiersbach;"2191340204200"
Kronweiler;"2191340204800"
Leisel;"2191340205000"
Meckenbach;"2191340205300"
Niederbrombach;"2191340205700"
Niederhambach;"2191340205800"
Nohen;"2191340206100"
Oberbrombach;"2191340206200"
Oberhambach;"2191340206300"
Rimsberg;"2191340207000"
Rinzenberg;"2191340207100"
Rötsweiler-Nockenthal;"2191340207200"
Schmißberg;"2191340207800"
Schwollen;"2191340208000"
Siesbach;"2191340208400"
Sonnenberg-Winnenberg;"2191340208500"
Wilzenberg-Hußweiler;"2191340209400"
Allenbach;"2191340500300"
Asbach;"2191340500400"
Bergen;"2191340500600"
Berschweiler bei Kirn;"2191340500900"
Bollenbach;"2191340501200"
Breitenthal;"2191340501300"
Bruchweiler;"2191340501400"
Bundenbach;"2191340501700"
Dickesbach;"2191340501900"
Fischbach;"2191340502500"
Gerach;"2191340502800"
Gösenroth;"2191340503000"
Griebelschied;"2191340503200"
Hausen;"2191340503500"
Hellertshausen;"2191340503700"
Herborn;"2191340503800"
Herrstein;"2191340503900"
Hettenrodt;"2191340504000"
Hintertiefenbach;"2191340504100"
Horbruch;"2191340504300"
Hottenbach;"2191340504400"
Kempfeld;"2191340504600"
Kirschweiler;"2191340504700"
Krummenau;"2191340504900"
Mackenrodt;"2191340505200"
Mittelreidenbach;"2191340505500"
Mörschied;"2191340505600"
Niederhosenbach;"2191340505900"
Niederwörresbach;"2191340506000"
Oberhosenbach;"2191340506400"
Oberkirn;"2191340506500"
Oberreidenbach;"2191340506600"
Oberwörresbach;"2191340506700"
Rhaunen;"2191340506900"
Schauren;"2191340507600"
Schmidthachenbach;"2191340507700"
Schwerbach;"2191340507900"
Sensweiler;"2191340508100"
Sien;"2191340508200"
Sienhachenbach;"2191340508300"
Sonnschied;"2191340508600"
Stipshausen;"2191340508700"
Sulzbach;"2191340508800"
Veitsrodt;"2191340508900"
Vollmersbach;"2191340509000"
Weiden;"2191340509100"
Weitersbach;"2191340509200"
Wickenrodt;"2191340509300"
Wirschweiler;"2191340509500"
Langweiler;"2191340550200"
Beilstein;"2151350100700"
Bremm;"2151350101200"
Briedern;"2151350101500"
Bruttig-Fankel;"2151350101700"
Dohr;"2151350102100"
Ediger-Eller;"2151350102400"
Ellenz-Poltersdorf;"2151350102500"
Ernst;"2151350102700"
Faid;"2151350102900"
Greimersburg;"2151350103600"
Klotten;"2151350104900"
Lieg;"2151350105300"
Lütz;"2151350105600"
Mesenich;"2151350106000"
Moselkern;"2151350106500"
Müden (Mosel);"2151350106600"
Nehren;"2151350106900"
Pommern;"2151350107200"
Senheim;"2151350107900"
Treis-Karden;"2151350108200"
Valwig;"2151350108600"
Wirfus;"2151350109000"
Binningen;"2151350200900"
Brachtendorf;"2151350201100"
Brieden;"2151350201400"
Brohl;"2151350201600"
Dünfus;"2151350202200"
Düngenheim;"2151350202300"
Eppenberg;"2151350202600"
Eulgem;"2151350202800"
Forst (Eifel);"2151350203100"
Gamlen;"2151350203300"
Hambuch;"2151350203800"
Hauroth;"2151350204000"
Illerich;"2151350204200"
Kaifenheim;"2151350204300"
Kail;"2151350204400"
Kaisersesch;"2151350204500"
Kalenborn;"2151350204600"
Landkern;"2151350205100"
Laubach;"2151350205200"
Masburg;"2151350205800"
Möntenich;"2151350206200"
Müllenbach;"2151350206700"
Roes;"2151350207500"
Urmersbach;"2151350208400"
Zettingen;"2151350209300"
Leienkaul;"2151350250200"
Alflen;"2151350300200"
Auderath;"2151350300500"
Beuren;"2151350300800"
Büchel;"2151350301800"
Filz;"2151350303000"
Gevenich;"2151350303400"
Gillenbeuren;"2151350303500"
Kliding;"2151350304800"
Lutzerath;"2151350305700"
Schmitt;"2151350307800"
Ulmen;"2151350308300"
Urschmitt;"2151350308500"
Wagenhausen;"2151350308700"
Weiler;"2151350308900"
Wollmerath;"2151350309100"
Bad Bertrich;"2151350350100"
Alf;"2151350500100"
Altlay;"2151350500300"
Altstrimmig;"2151350500400"
Blankenrath;"2151350501000"
Briedel;"2151350501300"
Bullay;"2151350501900"
Forst (Hunsrück);"2151350503200"
Grenderich;"2151350503700"
Haserich;"2151350503900"
Hesweiler;"2151350504100"
Liesenich;"2151350505400"
Mittelstrimmig;"2151350506100"
Moritzheim;"2151350506400"
Neef;"2151350506800"
Panzweiler;"2151350507000"
Peterswald-Löffelscheid;"2151350507100"
Pünderich;"2151350507300"
Reidenhausen;"2151350507400"
Sankt Aldegund;"2151350507600"
Schauren;"2151350507700"
Sosberg;"2151350508000"
Tellig;"2151350508100"
Walhausen;"2151350508800"
Zell (Mosel);"2151350509200"
Kretz;"1111370105600"
Kruft;"1111370105700"
Nickenich;"1111370108100"
Plaidt;"1111370108800"
Saffig;"1111370109600"
Einig;"1121370202300"
Gappenach;"1121370202700"
Gering;"1121370202900"
Gierschnach;"1121370203000"
Kalt;"1121370204100"
Kerben;"1121370204800"
Kollig;"1121370205300"
Lonnig;"1121370206500"
Mertloch;"1121370207000"
Naunheim;"1121370208000"
Ochtendung;"1121370208600"
Pillig;"1121370208700"
Polch;"1121370208900"
Rüber;"1121370209500"
Trimbs;"1121370210200"
Welling;"1121370211200"
Wierschem;"1121370211400"
Münstermaifeld;"1121370250100"
Acht;"1121370300100"
Anschau;"1121370300400"
Arft;"1121370300600"
Baar;"1121370300700"
Bermel;"1121370301100"
Boos;"1121370301400"
Ditscheid;"1121370301900"
Ettringen;"1121370302500"
Hausten;"1121370303400"
Herresbach;"1121370303500"
Hirten;"1121370303600"
Kehrig;"1121370304300"
Kirchwald;"1121370304900"
Kottenheim;"1121370305500"
Langenfeld;"1121370306000"
Langscheid;"1121370306100"
Lind;"1121370306300"
Luxem;"1121370306600"
Monreal;"1121370307400"
Münk;"1121370307700"
Nachtsheim;"1121370307900"
Reudelsterz;"1121370309200"
Sankt Johann;"1121370309700"
Siebenbach;"1121370309900"
Virneburg;"1121370310500"
Weiler;"1121370311000"
Welschenbach;"1121370311300"
Bell;"1111370400800"
Mendig;"1111370406900"
Rieden;"1111370409300"
Thür;"1111370410100"
Volkesfeld;"1111370410600"
Niederwerth;"1101370721800"
Urbar;"1101370722400"
Vallendar;"1101370722600"
Weitersburg;"1101370722900"
Bassenheim;"1101370820200"
Kaltenengers;"1101370820900"
Kettig;"1101370821100"
Mülheim-Kärlich;"1101370821600"
Sankt Sebastian;"1101370822200"
Urmitz;"1101370822500"
Weißenthurm;"1101370822800"
Alken;"1121370920100"
Brey;"1121370920400"
Brodenbach;"1121370920500"
Burgen;"1121370920600"
Dieblich;"1121370920700"
Hatzenport;"1121370920800"
Kobern-Gondorf;"1121370921200"
Löf;"1121370921400"
Macken;"1121370921500"
Niederfell;"1121370921700"
Nörtershausen;"1121370921900"
Oberfell;"1121370922000"
Rhens;"1121370922100"
Spay;"1121370922300"
Waldesch;"1121370922700"
Winningen;"1121370923000"
Wolken;"1121370923100"
Lehmen;"1121370950400"
Asbach;"1031380100300"
Neustadt (Wied);"1031380104400"
Windhagen;"1031380107700"
Buchholz (Westerwald);"1031380108000"
Bad Hönningen;"1031380200400"
Hammerstein;"1031380202400"
Leutesdorf;"1031380203800"
Rheinbrohl;"1031380206300"
Dierdorf;"1041380301200"
Großmaischeid;"1041380302300"
Isenburg;"1041380303100"
Kleinmaischeid;"1041380303400"
Stebach;"1041380306900"
Marienhausen;"1041380320100"
Dattenberg;"1031380400900"
Leubsdorf;"1031380403700"
Linz am Rhein;"1031380404100"
Ockenfels;"1031380405500"
Sankt Katharinen;"1031380406800"
Vettelschoß;"1031380407500"
Kasbach-Ohlenberg;"1031380450100"
Dernbach;"1041380501100"
Döttesfeld;"1041380501300"
Dürrholz;"1041380501400"
Hanroth;"1041380502500"
Harschbach;"1041380502700"
Linkenbach;"1041380504000"
Niederhofen;"1041380504800"
Niederwambach;"1041380505000"
Oberdreis;"1041380505200"
Puderbach;"1041380505700"
Ratzert;"1041380505800"
Raubach;"1041380505900"
Rodenbach bei Puderbach;"1041380506400"
Steimel;"1041380507000"
Urbach;"1041380507400"
Woldert;"1041380507800"
Bruchhausen;"1031380700800"
Erpel;"1031380701900"
Rheinbreitbach;"1031380706200"
Unkel;"1031380707300"
Anhausen;"1031380900200"
Bonefeld;"1031380900500"
Breitscheid;"1031380900600"
Hausen (Wied);"1031380900700"
Datzeroth;"1031380901000"
Ehlscheid;"1031380901500"
Hardert;"1031380902600"
Hümmerich;"1031380903000"
Kurtscheid;"1031380903600"
Meinborn;"1031380904200"
Melsbach;"1031380904300"
Niederbreitbach;"1031380904700"
Oberhonnefeld-Gierend;"1031380905300"
Oberraden;"1031380905400"
Rengsdorf;"1031380906100"
Roßbach;"1031380906500"
Rüscheid;"1031380906600"
Straßenhaus;"1031380907100"
Thalhausen;"1031380907200"
Waldbreitbach;"1031380907600"
Alterkülz;"2161400300100"
Bell (Hunsrück);"2161400300900"
Beltheim;"2161400301000"
Braunshorn;"2161400301800"
Buch;"2161400302100"
Gödenroth;"2161400304200"
Hasselbach;"2161400304600"
Hollnich;"2161400305500"
Kastellaun;"2161400306400"
Korweiler;"2161400307300"
Michelbach;"2161400309500"
Roth;"2161400313100"
Spesenroth;"2161400314700"
Uhler;"2161400315300"
Dommershausen;"2161400320200"
Mastershausen;"2161400320400"
Lahr;"2161400350200"
Mörsdorf;"2161400350300"
Zilshausen;"2161400350400"
Bärenbach;"2231400400600"
Belg;"2231400400700"
Büchenbeuren;"2231400402400"
Dickenschied;"2231400402800"
Dill;"2231400402900"
Dillendorf;"2231400403000"
Gehlweiler;"2231400404000"
Gemünden;"2231400404100"
Hahn;"2231400404400"
Hecken;"2231400404800"
Heinzenbach;"2231400404900"
Henau;"2231400405000"
Hirschfeld (Hunsrück);"2231400405300"
Kappel;"2231400406200"
Kirchberg (Hunsrück);"2231400406700"
Kludenbach;"2231400407100"
Laufersweiler;"2231400408100"
Lautzenhausen;"2231400408200"
Lindenschied;"2231400408600"
Maitzborn;"2231400409000"
Metzenhausen;"2231400409400"
Nieder Kostenz;"2231400410500"
Niedersohren;"2231400410700"
Niederweiler;"2231400410900"
Ober Kostenz;"2231400411100"
Raversbeuren;"2231400412000"
Reckershausen;"2231400412200"
Rödelhausen;"2231400412800"
Rödern;"2231400412900"
Rohrbach;"2231400413000"
Schlierschied;"2231400413500"
Schwarzen;"2231400414100"
Sohren;"2231400414500"
Sohrschied;"2231400414600"
Todenroth;"2231400415100"
Unzenberg;"2231400415400"
Wahlenau;"2231400415900"
Womrath;"2231400416300"
Woppenroth;"2231400416400"
Würrich;"2231400416500"
Altweidelbach;"2161400800200"
Argenthal;"2161400800300"
Belgweiler;"2161400800800"
Benzweiler;"2161400801100"
Bergenhausen;"2161400801200"
Biebern;"2161400801500"
Bubach;"2161400802000"
Budenbach;"2161400802300"
Dichtelbach;"2161400802700"
Ellern (Hunsrück);"2161400803500"
Erbach;"2161400803700"
Fronhofen;"2161400803900"
Holzbach;"2161400805600"
Horn;"2161400805800"
Keidelheim;"2161400806500"
Kisselbach;"2161400806800"
Klosterkumbd;"2161400807000"
Külz (Hunsrück);"2161400807600"
Kümbdchen;"2161400807700"
Laubach;"2161400807900"
Liebshausen;"2161400808500"
Mengerschied;"2161400809200"
Mörschbach;"2161400809600"
Mutterschied;"2161400809900"
Nannhausen;"2161400810000"
Neuerkirch;"2161400810100"
Niederkumbd;"2161400810600"
Ohlweiler;"2161400811300"
Oppertshausen;"2161400811500"
Pleizenhausen;"2161400811800"
Ravengiersburg;"2161400811900"
Rayerschied;"2161400812100"
Reich;"2161400812300"
Rheinböllen;"2161400812500"
Riegenroth;"2161400812600"
Riesweiler;"2161400812700"
Sargenroth;"2161400813400"
Schnorbach;"2161400813800"
Schönborn;"2161400813900"
Simmern (Hunsrück);"2161400814400"
Steinbach;"2161400814800"
Tiefenbach;"2161400815000"
Wahlbach;"2161400815800"
Wüschheim;"2161400816600"
Badenhard;"2161400900500"
Bickenbach;"2161400901400"
Birkheim;"2161400901600"
Damscheid;"2161400902500"
Dörth;"2161400903100"
Emmelshausen;"2161400903600"
Gondershausen;"2161400904300"
Halsenbach;"2161400904500"
Hausbay;"2161400904700"
Hungenroth;"2161400906000"
Karbach;"2161400906300"
Kratzenburg;"2161400907500"
Laudert;"2161400908000"
Leiningen;"2161400908400"
Lingerhahn;"2161400908700"
Maisborn;"2161400908900"
Mermuth;"2161400909300"
Mühlpfad;"2161400909800"
Ney;"2161400910200"
Niederburg;"2161400910400"
Niedert;"2161400910800"
Norath;"2161400911000"
Oberwesel;"2161400911200"
Perscheid;"2161400911600"
Pfalzfeld;"2161400911700"
Sankt Goar;"2161400913300"
Schwall;"2161400914000"
Thörlingen;"2161400914900"
Urbar;"2161400915500"
Utzenhain;"2161400915600"
Wiebelsheim;"2161400916100"
Beulich;"2161400920100"
Morshausen;"2161400920500"
"Lahnstein, Verbandsfreie Gemeinde";"1081410007500"
Altendiez;"1071410300200"
Aull;"1071410300500"
Birlenbach;"1071410301400"
Charlottenberg;"1071410302100"
Cramberg;"1071410302200"
Diez;"1071410302900"
Dörnberg;"1071410303000"
Eppenrod;"1071410303800"
Geilnau;"1071410304500"
Gückingen;"1071410304900"
Hambach;"1071410305200"
Heistenbach;"1071410305300"
Hirschberg;"1071410305700"
Holzappel;"1071410305900"
Holzheim;"1071410306100"
Horhausen;"1071410306200"
Isselbach;"1071410306400"
Langenscheid;"1071410307600"
Laurenburg;"1071410307700"
Scheidt;"1071410312400"
Steinsberg;"1071410313000"
Wasenbach;"1071410313300"
Balduinstein;"1071410350300"
Berg;"1071410700900"
Bettendorf;"1071410701200"
Bogel;"1071410701500"
Buch;"1071410701900"
Ehr;"1071410703500"
Endlichhofen;"1071410703700"
Eschbach;"1071410704000"
Gemmerich;"1071410704700"
Himmighofen;"1071410705500"
Holzhausen an der Haide;"1071410706000"
Hunzel;"1071410706300"
Kasdorf;"1071410706700"
Kehlbach;"1071410707000"
Lautert;"1071410707800"
Lipporn;"1071410708000"
Marienfels;"1071410708400"
Miehlen;"1071410708500"
Nastätten;"1071410709200"
Niederbachheim;"1071410709400"
Niederwallmenach;"1071410709700"
Oberbachheim;"1071410710000"
Obertiefenbach;"1071410710400"
Oberwallmenach;"1071410710500"
Oelsberg;"1071410710700"
Hainau;"1071410711000"
Rettershain;"1071410711600"
Ruppertshofen;"1071410712000"
Strüth;"1071410713100"
Weidenbach;"1071410713400"
Welterod;"1071410713700"
Winterwerb;"1071410714000"
Diethardt;"1071410750200"
Auel;"1081410900400"
Bornich;"1081410901600"
Dachsenhausen;"1081410902300"
Dahlheim;"1081410902400"
Dörscheid;"1081410903100"
Filsen;"1081410904200"
Kamp-Bornhofen;"1081410906600"
Kaub;"1081410906900"
Kestert;"1081410907200"
Lierschied;"1081410907900"
Lykershausen;"1081410908300"
Nochern;"1081410909900"
Osterspai;"1081410910800"
Patersberg;"1081410910900"
Prath;"1081410911200"
Reichenberg;"1081410911400"
Reitzenhain;"1081410911500"
Sankt Goarshausen;"1081410912100"
Sauerthal;"1081410912200"
Weisel;"1081410913600"
Weyer;"1081410913800"
Braubach;"1081410950100"
Attenhausen;"1071411000300"
Bad Ems;"1071411000600"
Becheln;"1071411000800"
Dausenau;"1071411002500"
Dessighofen;"1071411002600"
Dienethal;"1071411002700"
Dornholzhausen;"1071411003300"
Fachbach;"1071411004100"
Frücht;"1071411004400"
Geisig;"1071411004600"
Hömberg;"1071411005800"
Kemmenau;"1071411007100"
Lollschied;"1071411008200"
Miellen;"1071411008600"
Misselberg;"1071411008700"
Nassau;"1071411009100"
Nievern;"1071411009800"
Obernhof;"1071411010300"
Oberwies;"1071411010600"
Pohl;"1071411011100"
Schweighausen;"1071411012700"
Seelbach;"1071411012800"
Singhofen;"1071411012900"
Sulzbach;"1071411013200"
Weinähr;"1071411013500"
Winden;"1071411013900"
Zimmerschied;"1071411014100"
Arzbach;"1071411020100"
Allendorf;"1071411100100"
Berghausen;"1071411101000"
Berndroth;"1071411101100"
Biebrich;"1071411101300"
Bremberg;"1071411101800"
Burgschwalbach;"1071411102000"
Dörsdorf;"1071411103200"
Ebertshausen;"1071411103400"
Eisighofen;"1071411103600"
Ergeshausen;"1071411103900"
Flacht;"1071411104300"
Gutenacker;"1071411105000"
Hahnstätten;"1071411105100"
Herold;"1071411105400"
Kaltenholzhausen;"1071411106500"
Katzenelnbogen;"1071411106800"
Klingelbach;"1071411107300"
Kördorf;"1071411107400"
Lohrheim;"1071411108100"
Mittelfischbach;"1071411108800"
Mudershausen;"1071411108900"
Netzbach;"1071411109300"
Niederneisen;"1071411109500"
Niedertiefenbach;"1071411109600"
Oberfischbach;"1071411110100"
Oberneisen;"1071411110200"
Reckenroth;"1071411111300"
Rettert;"1071411111700"
Roth;"1071411111800"
Schiesheim;"1071411112500"
Schönborn;"1071411112600"
Bad Marienberg (Westerwald);"1051430120600"
Bölsberg;"1051430121100"
Dreisbach;"1051430121600"
Fehl-Ritzhausen;"1051430122200"
Großseifen;"1051430122700"
Hahn bei Marienberg;"1051430123100"
Hardt;"1051430123400"
Hof;"1051430124300"
Kirburg;"1051430124800"
Langenbach bei Kirburg;"1051430125300"
Lautzenbrücken;"1051430125500"
Mörlen;"1051430126400"
Neunkhausen;"1051430127000"
Nisterau;"1051430127700"
Nistertal;"1051430127900"
Norken;"1051430128000"
Stockhausen-Illfurth;"1051430129700"
Unnau;"1051430130000"
Alpenrod;"1051430220200"
Astert;"1051430220400"
Atzelgift;"1051430220500"
Borod;"1051430221200"
Dreifelden;"1051430221500"
Gehlert;"1051430222300"
Giesenhausen;"1051430222500"
Hachenburg;"1051430222900"
Hattert;"1051430223500"
Heimborn;"1051430223600"
Heuzert;"1051430224000"
Höchstenbach;"1051430224100"
Kroppach;"1051430225000"
Kundert;"1051430225200"
Limbach;"1051430225700"
Linden;"1051430225800"
Lochum;"1051430225900"
Luckenbach;"1051430226000"
Marzhausen;"1051430226100"
Merkelbach;"1051430226200"
Mörsbach;"1051430226500"
Mudenbach;"1051430226700"
Mündersbach;"1051430226800"
Müschenbach;"1051430226900"
Nister;"1051430227600"
Roßbach;"1051430228700"
Steinebach an der Wied;"1051430229400"
Stein-Wingert;"1051430229600"
Streithausen;"1051430229900"
Wahlrod;"1051430230100"
Welkenbach;"1051430230600"
Wied;"1051430231000"
Winkelbach;"1051430231300"
Hilgert;"1101430303000"
Hillscheid;"1101430303100"
Höhr-Grenzhausen;"1101430303200"
Kammerforst;"1101430304000"
Boden;"1061430400500"
Daubach;"1061430400800"
Eitelborn;"1061430401300"
Gackenbach;"1061430402000"
Girod;"1061430402100"
Görgeshausen;"1061430402300"
Großholbach;"1061430402400"
Heilberscheid;"1061430402600"
Heiligenroth;"1061430402700"
Holler;"1061430403300"
Horbach;"1061430403400"
Hübingen;"1061430403600"
Kadenbach;"1061430403900"
Montabaur;"1061430404800"
Nentershausen;"1061430405100"
Neuhäusel;"1061430405200"
Niederelbert;"1061430405300"
Niedererbach;"1061430405400"
Nomborn;"1061430405500"
Oberelbert;"1061430405700"
Ruppach-Goldhausen;"1061430406500"
Simmern;"1061430407100"
Stahlhofen;"1061430407200"
Untershausen;"1061430407700"
Welschneudorf;"1061430407900"
Alsbach;"1061430500100"
Breitenau;"1061430500600"
Caan;"1061430500700"
Deesen;"1061430500900"
Hundsdorf;"1061430503800"
Nauort;"1061430505000"
Oberhaid;"1061430505900"
Ransbach-Baumbach;"1061430506200"
Sessenbach;"1061430506800"
Wirscheid;"1061430508200"
Wittgert;"1061430508400"
Bretthausen;"1011430621400"
Elsoff (Westerwald);"1011430621800"
Hellenhahn-Schellenberg;"1011430623700"
Homberg;"1011430624400"
Hüblingen;"1011430624500"
Irmtraut;"1011430624600"
Liebenscheid;"1011430625600"
Neunkirchen;"1011430627100"
Neustadt (Westerwald);"1011430627200"
Niederroßbach;"1011430627400"
Nister-Möhrendorf;"1011430627800"
Oberrod;"1011430628200"
Oberroßbach;"1011430628300"
Rehe;"1011430628500"
Rennerod;"1011430628600"
Salzburg;"1011430629100"
Seck;"1011430629200"
Stein-Neukirch;"1011430629500"
Waigandshain;"1011430630200"
Waldmühlen;"1011430630300"
Westernohe;"1011430630900"
Willingen;"1011430631100"
Zehnhausen bei Rennerod;"1011430631500"
Ellenhausen;"1051430701500"
Freilingen;"1051430701800"
Freirachdorf;"1051430701900"
Goddert;"1051430702200"
Hartenfels;"1051430702500"
Herschbach;"1051430702900"
Krümmel;"1051430704100"
Marienrachdorf;"1051430704400"
Maroth;"1051430704500"
Maxsain;"1051430704600"
Nordhofen;"1051430705600"
Quirnbach;"1051430706100"
Rückeroth;"1051430706400"
Schenkelberg;"1051430706600"
Selters (Westerwald);"1051430706700"
Sessenhausen;"1051430706900"
Steinen;"1051430707500"
Vielbach;"1051430707800"
Wölferlingen;"1051430708500"
Ewighausen;"1051430722100"
Weidenhahn;"1051430730500"
Dreikirchen;"1061430801100"
Hundsangen;"1061430803700"
Obererbach;"1061430805800"
Steinefrenz;"1061430807400"
Weroth;"1061430808000"
Arnshöfen;"1061430820300"
Berod bei Wallmerod;"1061430820800"
Bilkheim;"1061430821000"
Ettinghausen;"1061430822000"
Hahn am See;"1061430823200"
Herschbach  (Oberwesterwald);"1061430823900"
Kuhnhöfen;"1061430825100"
Meudt;"1061430826300"
Molsberg;"1061430826600"
Niederahr;"1061430827300"
Oberahr;"1061430828100"
Salz;"1061430829000"
Wallmerod;"1061430830400"
Zehnhausen bei Wallmerod;"1061430831600"
Elbingen;"1061430850100"
Mähren;"1061430850200"
Ailertchen;"1051430920000"
Bellingen;"1051430920700"
Berzhahn;"1051430920900"
Brandscheid;"1051430921300"
Enspel;"1051430921900"
Gemünden;"1051430922400"
Girkenroth;"1051430922600"
Guckheim;"1051430922800"
Härtlingen;"1051430923000"
Halbs;"1051430923300"
Hergenroth;"1051430923800"
Höhn;"1051430924200"
Kaden;"1051430924700"
Kölbingen;"1051430924900"
Langenhahn;"1051430925400"
Pottum;"1051430928400"
Rotenhain;"1051430928800"
Rothenbach;"1051430928900"
Stahlhofen am Wiesensee;"1051430929300"
Stockum-Püschen;"1051430929800"
Weltersburg;"1051430930700"
Westerburg;"1051430930800"
Willmenrod;"1051430931200"
Winnen;"1051430931400"
Bannberscheid;"1061431000300"
Dernbach (Westerwald);"1061431001000"
Ebernhahn;"1061431001200"
Helferskirchen;"1061431002800"
Leuterod;"1061431004200"
Mogendorf;"1061431004700"
Moschheim;"1061431004900"
Ötzingen;"1061431006000"
Siershahn;"1061431007000"
Staudt;"1061431007300"
Wirges;"1061431008100"
Niedersayn;"1061431027500"
"Wittlich, Verbandsfreie Gemeinde";"2222310013400"
Bernkastel-Kues;"2232310100800"
Brauneberg;"2232310101200"
Burgen;"2232310101600"
Erden;"2232310103000"
Gornhausen;"2232310104000"
Graach an der Mosel;"2232310104100"
Hochscheid;"2232310105600"
Kesten;"2232310106600"
Kleinich;"2232310107000"
Kommen;"2232310107100"
Lieser;"2232310107500"
Lösnich;"2232310107600"
Longkamp;"2232310107700"
Maring-Noviand;"2232310108100"
Minheim;"2232310108600"
Monzelfeld;"2232310108700"
Mülheim an der Mosel;"2232310109000"
Neumagen-Dhron;"2232310109200"
Piesport;"2232310110500"
Ürzig;"2232310112500"
Veldenz;"2232310112600"
Wintrich;"2232310113300"
Zeltingen-Rachtig;"2232310113600"
Berglicht;"2232310600600"
Burtscheid;"2232310601700"
Deuselbach;"2232310601800"
Dhronecken;"2232310601900"
Etgert;"2232310603200"
Gielert;"2232310603500"
Gräfendhron;"2232310604200"
Hilscheid;"2232310605400"
Horath;"2232310605800"
Immert;"2232310606400"
Lückenburg;"2232310607800"
Malborn;"2232310607900"
Merschbach;"2232310608300"
Neunkirchen;"2232310609300"
Rorodt;"2232310611200"
Schönberg;"2232310611500"
Talling;"2232310612200"
Thalfang;"2232310612300"
Breit;"2232310620200"
Büdlich;"2232310620300"
Heidenburg;"2232310620400"
Altrich;"2222310800100"
Arenrath;"2222310800300"
Bergweiler;"2222310800700"
Bettenfeld;"2222310800900"
Binsfeld;"2222310801000"
Bruch;"2222310801300"
Dierscheid;"2222310802200"
Dodenburg;"2222310802300"
Dreis;"2222310802400"
Eckfeld;"2222310802500"
Eisenschmitt;"2222310802600"
Esch;"2222310803100"
Gipperath;"2222310803600"
Gladbach;"2222310803700"
Greimerath;"2222310804400"
Großlittgen;"2222310804600"
Hasborn;"2222310804900"
Heckenmünster;"2222310805000"
Heidweiler;"2222310805100"
Hetzerath;"2222310805300"
Hupperath;"2222310806200"
Karl;"2222310806500"
Klausen;"2222310806900"
Laufeld;"2222310807400"
Manderscheid;"2222310808000"
Meerfeld;"2222310808200"
Minderlittgen;"2222310808500"
Musweiler;"2222310809100"
Niederöfflingen;"2222310809500"
Niederscheidweiler;"2222310809600"
Oberöfflingen;"2222310810000"
Oberscheidweiler;"2222310810100"
Osann-Monzel;"2222310810300"
Pantenburg;"2222310810400"
Platten;"2222310810700"
Plein;"2222310810800"
Rivenich;"2222310811100"
Salmtal;"2222310811300"
Schladt;"2222310811400"
Schwarzenborn;"2222310811600"
Sehlem;"2222310811700"
Wallscheid;"2222310812700"
Landscheid;"2222310850300"
Niersbach;"2222310850400"
Bausendorf;"2222310900400"
Bengel;"2222310900500"
Burg (Mosel);"2222310901400"
Diefenbach;"2222310902000"
Enkirch;"2222310902900"
Flußbach;"2222310903300"
Hontheim;"2222310905700"
Kinderbeuern;"2222310906700"
Kinheim;"2222310906800"
Kröv;"2222310907200"
Reil;"2222310911000"
Starkenburg;"2222310912000"
Traben-Trarbach;"2222310912400"
Willwerscheid;"2222310913200"
Lötzbeuren;"2222310920600"
Irmenach;"2222310950100"
"Bitburg, Verbandsfreie Gemeinde";"2212320001800"
Arzfeld;"2212320120100"
Dackscheid;"2212320121100"
Dahnen;"2212320121200"
Daleiden;"2212320121300"
Dasburg;"2212320121400"
Eilscheid;"2212320121700"
Eschfeld;"2212320122000"
Euscheid;"2212320122100"
Großkampenberg;"2212320122900"
Hargarten;"2212320123300"
Harspelt;"2212320123400"
Herzfeld;"2212320124000"
Irrhausen;"2212320124500"
Jucken;"2212320124600"
Kesfeld;"2212320124700"
Kickeshausen;"2212320124800"
Kinzenburg;"2212320124900"
Krautscheid;"2212320125300"
Lambertsberg;"2212320125400"
Lascheid;"2212320125500"
Lauperath;"2212320125800"
Leidenborn;"2212320125900"
Lichtenborn;"2212320126000"
Lierfeld;"2212320126100"
Lünebach;"2212320126200"
Lützkampen;"2212320126300"
Manderscheid;"2212320126400"
Mauel;"2212320126700"
Merlscheid;"2212320127000"
Niederpierscheid;"2212320127700"
Oberpierscheid;"2212320128500"
Olmscheid;"2212320128700"
Pintesfeld;"2212320129100"
Plütscheid;"2212320129300"
Preischeid;"2212320129400"
Reiff;"2212320129700"
Reipeldingen;"2212320129800"
Roscheid;"2212320130100"
Sengerich;"2212320130900"
Sevenig (Our);"2212320131000"
Strickscheid;"2212320131500"
Waxweiler;"2212320132200"
Üttfeld;"2212320133300"
Affler;"2212320500100"
Alsdorf;"2212320500200"
Altscheid;"2212320500300"
Ammeldingen an der Our;"2212320500400"
Ammeldingen bei Neuerburg;"2212320500500"
Bauler;"2212320500800"
Berkoth;"2212320501100"
Berscheid;"2212320501200"
Biesdorf;"2212320501600"
Bollendorf;"2212320501900"
Burg;"2212320502200"
Dauwelshausen;"2212320502500"
Echternacherbrück;"2212320502800"
Emmelbaum;"2212320503100"
Ernzen;"2212320503300"
Ferschweiler;"2212320503700"
Fischbach-Oberraden;"2212320503800"
Geichlingen;"2212320504000"
Gemünd;"2212320504100"
Gentingen;"2212320504200"
Heilbach;"2212320504700"
Herbstmühle;"2212320504900"
Holsthum;"2212320505300"
Hommerdingen;"2212320505400"
Hütten;"2212320505600"
Hüttingen bei Lahr;"2212320505900"
Irrel;"2212320506300"
Karlshausen;"2212320506400"
Kaschenbach;"2212320506500"
Körperich;"2212320506700"
Koxhausen;"2212320506800"
Kruchten;"2212320506900"
Lahr;"2212320507200"
Leimbach;"2212320507300"
Menningen;"2212320507800"
Mettendorf;"2212320508000"
Minden;"2212320508200"
Muxerath;"2212320508400"
Nasingen;"2212320508500"
Neuerburg;"2212320508800"
Dierscheid;"2222310802200"
Keppeshausen;"2212320506600"
Niederraden;"2212320509000"
Niederweis;"2212320509300"
Niehl;"2212320509400"
Nusbaum;"2212320509500"
Utscheid;"2212320510200"
Peffingen;"2212320510300"
Plascheid;"2212320510600"
Prümzurlay;"2212320510800"
Rodershausen;"2212320511000"
Roth an der Our;"2212320511200"
Schankweiler;"2212320511400"
Scheitenkorb;"2212320511600"
Scheuern;"2212320511700"
Sevenig bei Neuerburg;"2212320512100"
Sinspelt;"2212320512200"
Übereisenbach;"2212320512700"
Uppershausen;"2212320512800"
Waldhof-Falkenstein;"2212320513000"
Wallendorf;"2212320513100"
Weidingen;"2212320513200"
Zweifelscheid;"2212320513800"
Eisenach;"2212320521800"
Gilzem;"2212320522500"
Auw bei Prüm;"2212320620200"
Bleialf;"2212320620600"
Buchet;"2212320620800"
Büdesheim;"2212320620900"
Dingdorf;"2212320621600"
Feuerscheid;"2212320622200"
Fleringen;"2212320622300"
Giesdorf;"2212320622400"
Weinsheim;"2212320622600"
Gondenbrett;"2212320622700"
Großlangenfeld;"2212320623000"
Habscheid;"2212320623100"
Heckhuscheid;"2212320623600"
Heisdorf;"2212320623800"
Kleinlangenfeld;"2212320625000"
Lasel;"2212320625600"
Masthorn;"2212320626500"
Matzerath;"2212320626600"
Mützenich;"2212320627100"
Neuendorf;"2212320627200"
Nimshuscheid;"2212320627900"
Nimsreuland;"2212320628000"
Oberlascheid;"2212320628300"
Oberlauch;"2212320628400"
Olzheim;"2212320628800"
Orlenbach;"2212320629000"
Pittenbach;"2212320629200"
Pronsfeld;"2212320629500"
Prüm;"2212320629600"
Rommersheim;"2212320630000"
Roth bei Prüm;"2212320630200"
Schönecken;"2212320630400"
Schwirzheim;"2212320630500"
Seiwerath;"2212320630700"
Sellerich;"2212320630800"
Wallersheim;"2212320631800"
Watzerath;"2212320632000"
Wawern;"2212320632100"
Winringen;"2212320632700"
Winterscheid;"2212320632800"
Winterspelt;"2212320632900"
Hersdorf;"2212320633200"
Auw an der Kyll;"2212320700600"
Beilingen;"2212320701000"
Herforst;"2212320705000"
Hosten;"2212320705500"
Philippsheim;"2212320710400"
Preist;"2212320710700"
Speicher;"2212320712300"
Orenhofen;"2212320728900"
Spangdahlem;"2212320731100"
Badem;"2212320800700"
Baustert;"2212320800900"
Bettingen;"2212320801300"
Bickendorf;"2212320801400"
Biersdorf am See;"2212320801500"
Brecht;"2212320802000"
Dahlem;"2212320802400"
Dockendorf;"2212320802600"
Dudeldorf;"2212320802700"
Echtershausen;"2212320802900"
Ehlenz;"2212320803000"
Eßlingen;"2212320803400"
Fließem;"2212320803900"
Gindorf;"2212320804300"
Gondorf;"2212320804400"
Halsdorf;"2212320804500"
Heilenbach;"2212320804800"
Hütterscheid;"2212320805700"
Hüttingen an der Kyll;"2212320805800"
Idenheim;"2212320806000"
Idesheim;"2212320806100"
Ingendorf;"2212320806200"
Kyllburg;"2212320807000"
Kyllburgweiler;"2212320807100"
Ließem;"2212320807400"
Malberg;"2212320807500"
Malbergweich;"2212320807600"
Meckel;"2212320807700"
Messerich;"2212320807900"
Metterich;"2212320808100"
Mülbach;"2212320808300"
Nattenheim;"2212320808600"
Neidenbach;"2212320808700"
Niederstedem;"2212320809100"
Niederweiler;"2212320809200"
Oberstedem;"2212320809700"
Oberweiler;"2212320809800"
Oberweis;"2212320809900"
Orsfeld;"2212320810100"
Pickließem;"2212320810500"
Rittersdorf;"2212320810900"
Röhl;"2212320811100"
Sankt Thomas;"2212320811300"
Scharfbillig;"2212320811500"
Schleid;"2212320811800"
Seffern;"2212320811900"
Sefferweich;"2212320812000"
Sülm;"2212320812500"
Trimport;"2212320812600"
Usch;"2212320812900"
Wiersdorf;"2212320813400"
Wilsecker;"2212320813500"
Wolsfeld;"2212320813700"
Balesfeld;"2212320820300"
Burbach;"2212320821000"
Gransdorf;"2212320822800"
Neuheilenbach;"2212320827300"
Oberkail;"2212320828200"
Seinsfeld;"2212320830600"
Steinborn;"2212320831300"
Zendscheid;"2212320833100"
Wißmannsdorf;"2212320850100"
Brimingen;"2212320850200"
Betteldorf;"2202330100600"
Bleckhausen;"2202330100800"
Brockscheid;"2202330101100"
Darscheid;"2202330101400"
Demerath;"2202330101600"
Deudesfeld;"2202330101700"
Dockweiler;"2202330101800"
Dreis-Brück;"2202330102000"
Ellscheid;"2202330102100"
Gefell;"2202330102500"
Gillenfeld;"2202330102700"
Hinterweiler;"2202330103000"
Hörscheid;"2202330103100"
Immerath;"2202330103400"
Kirchweiler;"2202330103900"
Kradenbach;"2202330104000"
Mehren;"2202330104200"
Meisburg;"2202330104300"
Mückeln;"2202330104600"
Nerdlen;"2202330104900"
Niederstadtfeld;"2202330105200"
Oberstadtfeld;"2202330105500"
Sarmersbach;"2202330106100"
Saxler;"2202330106200"
Schalkenmehren;"2202330106300"
Schönbach;"2202330106400"
Schutz;"2202330106500"
Steineberg;"2202330106700"
Steiningen;"2202330106800"
Strohn;"2202330107000"
Strotzbüsch;"2202330107100"
Udler;"2202330107400"
Üdersdorf;"2202330107500"
Utzerath;"2202330107700"
Wallenborn;"2202330107900"
Weidenbach;"2202330108100"
Winkel (Eifel);"2202330108400"
Beinhausen;"2202330400300"
Boxberg;"2202330401000"
Hörschhausen;"2202330403200"
Katzwinkel;"2202330403700"
Neichen;"2202330404800"
Arbach;"2202330420100"
Bereborn;"2202330420200"
Berenbach;"2202330420300"
Bodenbach;"2202330420500"
Bongard;"2202330420600"
Borler;"2202330420700"
Brücktal;"2202330420800"
Drees;"2202330421000"
Gelenberg;"2202330421200"
Gunderath;"2202330421300"
Höchstberg;"2202330421500"
Horperath;"2202330421600"
Kaperich;"2202330421700"
Kelberg;"2202330421800"
Kirsbach;"2202330422000"
Kötterichen;"2202330422100"
Kolverath;"2202330422200"
Lirstal;"2202330422400"
Mannebach;"2202330422500"
Mosbruch;"2202330422600"
Nitz;"2202330422800"
Oberelz;"2202330423000"
Reimerath;"2202330423300"
Retterath;"2202330423400"
Sassen;"2202330423600"
Uersfeld;"2202330424200"
Ueß;"2202330424300"
Welcherath;"2202330424400"
Basberg;"2202330600200"
Berndorf;"2202330600500"
Birgel;"2202330600700"
Dohm-Lammersdorf;"2202330601900"
Esch;"2202330602200"
Feusdorf;"2202330602300"
Gerolstein;"2202330602600"
Gönnersdorf;"2202330602800"
Hillesheim;"2202330602900"
Hohenfels-Essingen;"2202330603300"
Jünkerath;"2202330603500"
Kalenborn-Scheuern;"2202330603600"
Kerpen (Eifel);"2202330603800"
Lissendorf;"2202330604100"
Neroth;"2202330605000"
Oberbettingen;"2202330605300"
Oberehe-Stroheich;"2202330605400"
Pelm;"2202330605600"
Rockeskyll;"2202330605800"
Salm;"2202330606000"
Üxheim;"2202330607600"
Walsdorf;"2202330608000"
Wiesbaum;"2202330608300"
Birresborn;"2202330620400"
Densborn;"2202330620900"
Duppach;"2202330621100"
Hallschlag;"2202330621400"
Kerschenbach;"2202330621900"
Kopp;"2202330622300"
Mürlenbach;"2202330622700"
Nohn;"2202330622900"
Ormont;"2202330623200"
Reuth;"2202330623500"
Scheid;"2202330623700"
Schüller;"2202330623900"
Stadtkyll;"2202330624000"
Steffeln;"2202330624100"
Bescheid;"2262350100500"
Beuren (Hochwald);"2262350100800"
Damflos;"2262350101400"
Geisfeld;"2262350103000"
Grimburg;"2262350103500"
Gusenburg;"2262350103600"
Hermeskeil;"2262350104500"
Hinzert-Pölert;"2262350104700"
Naurath (Wald);"2262350109200"
Neuhütten;"2262350109300"
Rascheid;"2262350111200"
Reinsfeld;"2262350111400"
Züsch;"2262350115300"
Kanzem;"2262350305500"
Konz;"2262350306800"
Nittel;"2262350309500"
Oberbillig;"2262350309600"
Onsdorf;"2262350310100"
Pellingen;"2262350310600"
Tawern;"2262350313200"
Temmels;"2262350313300"
Wasserliesch;"2262350314300"
Wawern;"2262350314400"
Wellen;"2262350314600"
Wiltingen;"2262350314800"
Bonerath;"2242350401000"
Farschweiler;"2242350402100"
Gusterath;"2242350403700"
Gutweiler;"2242350403800"
Hinzenburg;"2242350404600"
Holzerath;"2242350405000"
Kasel;"2242350405600"
Korlingen;"2242350407000"
Lorscheid;"2242350408000"
Mertesdorf;"2242350408500"
Morscheid;"2242350409000"
Ollmuth;"2242350410000"
Osburg;"2242350410300"
Pluwig;"2242350410700"
Riveris;"2242350411600"
Schöndorf;"2242350412400"
Thomm;"2242350413500"
Waldrach;"2242350414100"
Bekond;"2242350600400"
Detzem;"2242350601500"
Ensch;"2242350601900"
Fell;"2242350602200"
Föhren;"2242350602600"
Kenn;"2242350606000"
Klüsserath;"2242350606300"
Köwerich;"2242350606700"
Leiwen;"2242350607400"
Longen;"2242350607700"
Longuich;"2242350607800"
Mehring;"2242350608300"
Naurath (Eifel);"2242350609100"
Pölich;"2242350610800"
Riol;"2242350611500"
Schleich;"2242350612000"
Schweich;"2242350612500"
Thörnich;"2242350613400"
Trittenheim;"2242350620700"
Aach;"2242350700100"
Franzenheim;"2242350702700"
Hockweiler;"2242350704800"
Igel;"2242350705100"
Kordel;"2242350706900"
Langsur;"2242350707300"
Newel;"2242350709400"
Ralingen;"2242350711100"
Trierweiler;"2242350713700"
Zemmer;"2242350715100"
Welschbillig;"2242350750100"
Ayl;"2262350800200"
Baldringen;"2262350800300"
Fisch;"2262350802500"
Freudenburg;"2262350802800"
Greimerath;"2262350803300"
Heddert;"2262350804000"
Hentern;"2262350804300"
Irsch;"2262350805200"
Kastel-Staadt;"2262350805700"
Kell am See;"2262350805800"
Kirf;"2262350806200"
Lampaden;"2262350807200"
Mandern;"2262350808100"
Mannebach;"2262350808200"
Ockfen;"2262350809800"
Palzem;"2262350810400"
Paschel;"2262350810500"
Saarburg;"2262350811800"
Schillingen;"2262350811900"
Schoden;"2262350812200"
Schömerich;"2262350812300"
Serrig;"2262350812600"
Taben-Rodt;"2262350813100"
Trassem;"2262350813600"
Vierherrenborn;"2262350814000"
Waldweiler;"2262350814200"
Wincheringen;"2262350814900"
Zerf;"2262350815200"
Merzkirchen;"2262350815400"
"Alzey, Verbandsfreie Gemeinde";"3343310000300"
Albig;"3343310100100"
Bechenheim;"3343310100500"
Bechtolsheim;"3343310100700"
Bermersheim vor der Höhe;"3343310100800"
Biebelnheim;"3343310101000"
Bornheim;"3343310101200"
Dintesheim;"3343310101400"
Eppelsheim;"3343310102000"
Erbes-Büdesheim;"3343310102100"
Esselborn;"3343310102200"
Flomborn;"3343310102400"
Flonheim;"3343310102500"
Framersheim;"3343310102600"
Freimersheim;"3343310102700"
Gau-Heppenheim;"3343310103100"
Gau-Odernheim;"3343310103200"
Kettenheim;"3343310104200"
Lonsheim;"3343310104300"
Mauchenheim;"3343310104400"
Nack;"3343310105000"
Nieder-Wiesen;"3343310105100"
Ober-Flörsheim;"3343310105200"
Offenheim;"3343310105300"
Wahlheim;"3343310106700"
Alsheim;"3323310200200"
Eich;"3323310201800"
Gimbsheim;"3323310203400"
Hamm am Rhein;"3323310203800"
Mettenheim;"3323310204500"
Flörsheim-Dalsheim;"3323310302300"
Hohen-Sülzen;"3323310304100"
Mölsheim;"3323310304600"
Mörstadt;"3323310304700"
Monsheim;"3323310304800"
Offstein;"3323310305400"
Wachenheim;"3323310306600"
Eckelsheim;"3343310501700"
Gau-Bickelheim;"3343310503000"
Gumbsheim;"3343310503500"
Siefersheim;"3343310506000"
Stein-Bockenheim;"3343310506200"
Wendelsheim;"3343310507000"
Wöllstein;"3343310507200"
Wonsheim;"3343310507500"
Armsheim;"3343310600400"
Ensheim;"3343310601900"
Gabsheim;"3343310602900"
Gau-Weinheim;"3343310603300"
Partenheim;"3343310605600"
Saulheim;"3343310605800"
Schornsheim;"3343310605900"
Spiesheim;"3343310606100"
Sulzheim;"3343310606300"
Udenheim;"3343310606400"
Vendersheim;"3343310606500"
Wallertheim;"3343310606800"
Wörrstadt;"3343310607300"
Bechtheim;"3323310700600"
Bermersheim;"3323310700900"
Hochborn;"3323310701100"
Dittelsheim-Heßloch;"3323310701500"
Frettenheim;"3323310702800"
Gundersheim;"3323310703600"
Gundheim;"3323310703700"
Hangen-Weisheim;"3323310703900"
Monzernheim;"3323310704900"
"Osthofen, Stadt";"3323310705500"
Westhofen;"3323310707100"
"Grünstadt, Verbandsfreie Gemeinde";"4423320002400"
"Haßloch, Verbandsfreie Gemeinde";"4433320002500"
Deidesheim;"4433320100900"
Forst an der Weinstrasse;"4433320101700"
Meckenheim;"4433320103500"
Niederkirchen bei Deidesheim;"4433320103900"
Ruppertsberg;"4433320104300"
Bobenheim am Berg;"4423320200500"
Dackenheim;"4423320200800"
Erpolzheim;"4423320201500"
Freinsheim;"4423320201900"
Herxheim am Berg;"4423320202600"
Kallstadt;"4423320202800"
Weisenheim am Berg;"4423320204900"
Weisenheim am Sand;"4423320205000"
Elmstein;"4453320501400"
Esthal;"4453320501600"
Frankeneck;"4453320501800"
Lambrecht (Pfalz);"4453320503200"
Lindenberg;"4453320503400"
Neidenfels;"4453320503700"
Weidenthal;"4453320504800"
Ellerstadt;"4423320601300"
Friedelsheim;"4423320602000"
Gönnheim;"4423320602200"
Wachenheim an der Weinstraße;"4423320604600"
Altleiningen;"4423320700100"
Battenberg (Pfalz);"4423320700300"
Bissersheim;"4423320700400"
Bockenheim an der Weinstraße;"4423320700600"
Carlsberg;"4423320700700"
Dirmstein;"4423320701000"
Ebertsheim;"4423320701200"
Gerolsheim;"4423320702100"
Großkarlbach;"4423320702300"
Hettenleidelheim;"4423320702700"
Kindenheim;"4423320702900"
Kirchheim an der Weinstraße;"4423320703000"
Kleinkarlbach;"4423320703100"
Laumersheim;"4423320703300"
Mertesheim;"4423320703600"
Neuleiningen;"4423320703800"
Obersülzen;"4423320704000"
Obrigheim (Pfalz);"4423320704100"
Quirnheim;"4423320704200"
Tiefenthal;"4423320704400"
Wattenheim;"4423320704700"
Eisenberg (Pfalz);"4403330201900"
Kerzenheim;"4403330203800"
Ramsen;"4403330206000"
Albisheim (Pfrimm);"4403330300100"
Biedesheim;"4403330300600"
Bubenheim;"4403330301200"
Dreisen;"4403330301700"
Einselthum;"4403330301800"
Göllheim;"4403330302600"
Immesheim;"4403330303200"
Lautersheim;"4403330304100"
Ottersheim;"4403330305800"
Rüssingen;"4403330306400"
Standenbühl;"4403330307400"
Brandscheid;"2212320620700"
Niederlauch;"2212320627600"
Birtlingen;"2212320801700"
Enzen;"2212320803200"
Etteldorf;"2212320803500"
Feilsdorf;"2212320803600"
Hamm;"2212320804600"
Olsdorf;"2212320810000"
Stockem;"2212320812400"
Wettlingen;"2212320813300"
Berlingen;"2202330600400"
Herl;"2242350404400"
Sommerau;"2242350412900"
Weitersweiler;"4403330308100"
Zellertal;"4403330350100"
Bennhausen;"4403330400500"
Bischheim;"4403330400700"
Bolanden;"4403330401000"
Dannenfels;"4403330401300"
Gauersheim;"4403330402200"
Ilbesheim;"4403330403100"
Jakobsweiler;"4403330403500"
Kirchheimbolanden;"4403330403900"
Kriegsfeld;"4403330404000"
Marnheim;"4403330404500"
Mörsfeld;"4403330404600"
Morschheim;"4403330404700"
Oberwiesen;"4403330405600"
Orbis;"4403330405700"
Rittersheim;"4403330406200"
Stetten;"4403330407600"
Börrstadt;"4403330600900"
Breunigweiler;"4403330601100"
Falkenstein;"4403330602000"
Gonbach;"4403330602700"
Höringen;"4403330603000"
Imsbach;"4403330603300"
Lohnsfeld;"4403330604200"
Münchweiler an der Alsenz;"4403330604800"
Schweisweiler;"4403330606900"
Sippersfeld;"4403330607100"
Steinbach am Donnersberg;"4403330607500"
Wartenberg-Rohrbach;"4403330608000"
Winnweiler;"4403330650300"
Alsenz;"4403330700300"
Bayerfeld-Steckweiler;"4403330700400"
Bisterschied;"4403330700800"
Dielkirchen;"4403330701400"
Dörrmoschel;"4403330701600"
Finkenbach-Gersweiler;"4403330702100"
Gaugrehweiler;"4403330702300"
Gehrweiler;"4403330702400"
Gerbach;"4403330702500"
Gundersweiler;"4403330702800"
Imsweiler;"4403330703400"
Kalkofen;"4403330703600"
Katzenbach;"4403330703700"
Mannweiler-Cölln;"4403330704300"
Münsterappel;"4403330704900"
Niederhausen an der Appel;"4403330705000"
Niedermoschel;"4403330705100"
Oberhausen an der Appel;"4403330705300"
Obermoschel;"4403330705400"
Oberndorf;"4403330705500"
Ransweiler;"4403330706100"
Ruppertsecken;"4403330706500"
Sankt Alban;"4403330706600"
Schiersfeld;"4403330706700"
Schönborn;"4403330706800"
Sitters;"4403330707200"
Stahlberg;"4403330707300"
Teschenmoschel;"4403330707700"
Unkenbach;"4403330707800"
Waldgrehweiler;"4403330707900"
Winterborn;"4403330708300"
Würzweiler;"4403330708400"
Rathskirchen;"4403330720100"
Reichsthal;"4403330720200"
Seelen;"4403330720300"
Rockenhausen;"4403330750200"
Bellheim;"4513340100100"
Knittelsheim;"4513340101400"
Ottersheim bei Landau;"4513340102300"
Zeiskam;"4513340103600"
Berg (Pfalz) I;"4523340200200"
Hagenbach;"4523340200800"
Neuburg I;"4523340202100"
Scheibenhardt;"4523340202700"
Hatzenbühl;"4523340300900"
Jockgrim;"4523340301200"
Neupotz;"4523340302200"
Rheinzabern;"4523340302400"
Erlenbach bei Kandel;"4493340400400"
Freckenfeld;"4493340400500"
Kandel;"4493340401300"
Minfeld;"4493340402000"
Steinweiler;"4493340403000"
Vollmersweiler;"4493340403100"
Winden;"4493340403400"
Freisbach;"4513340500600"
Lingenfeld;"4513340501700"
Lustadt;"4513340501800"
Schwegenheim;"4513340502800"
Weingarten (Pfalz);"4513340503200"
Westheim (Pfalz);"4513340503300"
Hördt;"4523340601100"
Kuhardt;"4523340601500"
Leimersheim;"4523340601600"
Rülzheim;"4523340602500"
Gerhardsbrunn;"4463350101100"
Lambsborn;"4463350120100"
Langwieden;"4463350120200"
Martinshöhe;"4463350120300"
Enkenbach-Alsenborn;"4453350200400"
Fischbach;"4453350200700"
Frankenstein;"4453350201000"
Hochspeyer;"4453350201500"
Mehlingen;"4453350202600"
Neuhemsbach;"4453350202800"
Waldleiningen;"4453350204800"
Sembach;"4453350220500"
Hütschenhausen;"4463350801600"
Kottweiler-Schwanden;"4463350802000"
Niedermohr;"4463350803000"
Ramstein-Miesenbach;"4463350803800"
Steinwenden;"4463350804400"
Erzenhausen;"4463350900500"
Eulenbis;"4463350900600"
Kollweiler;"4463350901900"
Mackenbach;"4463350902400"
Rodenbach;"4463350904000"
Schwedelbach;"4463350904300"
Weilerbach;"4463350904900"
Reichenbach-Steegen;"4463350950100"
Frankelbach;"4453351000900"
Heiligenmoschel;"4453351001300"
Hirschhorn (Pfalz);"4453351001400"
Katzweiler;"4453351001700"
Mehlbach;"4453351002500"
Niederkirchen;"4453351002900"
Olsbrücken;"4453351003300"
Otterbach;"4453351003400"
Otterberg;"4453351003500"
Schallodenbach;"4453351004100"
Schneckenhausen;"4453351004200"
Sulzbachtal;"4453351004600"
Bann;"4463351100200"
Hauptstuhl;"4463351101200"
Kindsbach;"4463351101800"
Krickenbach;"4463351102100"
Landstuhl;"4463351102200"
Linden;"4463351102300"
Mittelbrunn;"4463351102700"
Oberarnbach;"4463351103100"
Queidersbach;"4463351103700"
Stelzenberg;"4463351104500"
Trippstadt;"4463351104700"
Schopp;"4463351120400"
Adenbach;"4413360800100"
Aschbach;"4413360800500"
Buborn;"4413360801200"
Cronenberg;"4413360801300"
Deimberg;"4413360801400"
Einöllen;"4413360801900"
Eßweiler;"4413360802300"
Ginsweiler;"4413360802900"
Glanbrücken;"4413360803000"
Grumbach;"4413360803300"
Hausweiler;"4413360803500"
Hefersweiler;"4413360803600"
Heinzenhausen;"4413360803800"
Herren-Sulzbach;"4413360804000"
Hinzweiler;"4413360804200"
Hohenöllen;"4413360804300"
Homberg;"4413360804400"
Hoppstädten;"4413360804500"
Jettenbach;"4413360804800"
Kappeln;"4413360804900"
Kirrweiler;"4413360805000"
Kreimbach-Kaulbach;"4413360805300"
Langweiler;"4413360805700"
Lauterecken;"4413360805800"
Lohnweiler;"4413360806000"
Medard;"4413360806100"
Merzweiler;"4413360806200"
Nerzweiler;"4413360806500"
Nußbach;"4413360806900"
Oberweiler im Tal;"4413360807200"
Oberweiler-Tiefenbach;"4413360807300"
Odenbach;"4413360807400"
Offenbach-Hundheim;"4413360807500"
Reipoltskirchen;"4413360808500"
Relsberg;"4413360808600"
Rothselberg;"4413360808700"
Rutsweiler an der Lauter;"4413360809000"
Sankt Julian;"4413360809500"
Unterjeckenbach;"4413360810000"
Wiesweiler;"4413360810400"
Wolfstein;"4413360810500"
Altenkirchen;"4413360900400"
Börsborn;"4413360900800"
Breitenbach;"4413360901000"
Brücken (Pfalz);"4413360901100"
Dittweiler;"4413360901600"
Dunzweiler;"4413360901700"
Frohnhofen;"4413360902700"
Glan-Münchweiler;"4413360903100"
Gries;"4413360903200"
Henschtal;"4413360903700"
Herschweiler-Pettersheim;"4413360904100"
Hüffler;"4413360904700"
Krottelbach;"4413360905400"
Langenbach;"4413360905600"
Nanzdietschweiler;"4413360906400"
Ohmbach;"4413360907600"
Rehweiler;"4413360908200"
Schönenberg-Kübelberg;"4413360909200"
Steinbach am Glan;"4413360909600"
Wahnwegen;"4413360910100"
Waldmohr;"4413360910200"
Matzenbach;"4413360910700"
Quirnbach (Pfalz);"4413360950100"
Albessen;"4413361000200"
Altenglan;"4413361000300"
Blaubach;"4413361000600"
Bosenbach;"4413361000900"
Dennweiler-Frohnbach;"4413361001500"
Ehweiler;"4413361001800"
Elzweiler;"4413361002100"
Erdesbach;"4413361002200"
Etschberg;"4413361002400"
Föckelberg;"4413361002500"
Haschbach am Remigiusberg;"4413361003400"
Herchweiler;"4413361003900"
Horschbach;"4413361004600"
Körborn;"4413361005100"
Konken;"4413361005200"
Kusel;"4413361005500"
Neunkirchen am Potzberg;"4413361006600"
Niederalben;"4413361006700"
Niederstaufenbach;"4413361006800"
Oberalben;"4413361007000"
Oberstaufenbach;"4413361007100"
Pfeffelbach;"4413361007700"
Rammelsbach;"4413361007900"
Rathsweiler;"4413361008100"
Reichweiler;"4413361008400"
Ruthweiler;"4413361008800"
Rutsweiler am Glan;"4413361008900"
Schellweiler;"4413361009100"
Selchenbach;"4413361009400"
Thallichtenberg;"4413361009700"
Theisbergstegen;"4413361009800"
Ulmet;"4413361009900"
Welchweiler;"4413361010300"
Bedesbach;"4413361010600"
Albersweiler;"4493370100100"
Dernbach;"4493370101700"
Eußerthal;"4493370102400"
Gossersweiler-Stein;"4493370103300"
Münchweiler am Klingbach;"4493370105400"
Ramberg;"4493370106400"
Rinnthal;"4493370106700"
Silz;"4493370107400"
Völkersweiler;"4493370107800"
Waldhambach;"4493370108000"
Waldrohrbach;"4493370108100"
Wernersberg;"4493370108300"
Annweiler am Trifels;"4493370150100"
Bad Bergzabern;"4493370200500"
Barbelroth;"4493370200600"
Birkenhördt;"4493370200800"
Böllenborn;"4493370201300"
Dierbach;"4493370201800"
Dörrenbach;"4493370201900"
Gleiszellen-Gleishorbach;"4493370202900"
Hergersweiler;"4493370203700"
Kapellen-Drusweiler;"4493370204500"
Kapsweyer;"4493370204600"
Klingenmünster;"4493370204900"
Niederhorbach;"4493370205500"
Niederotterbach;"4493370205600"
Oberhausen;"4493370205800"
Oberotterbach;"4493370205900"
Oberschlettenbach;"4493370206000"
Pleisweiler-Oberhofen;"4493370206200"
Schweigen-Rechtenbach;"4493370207100"
Schweighofen;"4493370207200"
Steinfeld;"4493370207600"
Vorderweidenthal;"4493370207900"
Altdorf;"4503370300200"
Böbingen;"4503370301100"
Burrweiler;"4503370301500"
Edenkoben;"4503370302000"
Edesheim;"4503370302100"
Flemlingen;"4503370302500"
Freimersheim (Pfalz);"4503370302700"
Gleisweiler;"4503370302800"
Gommersheim;"4503370303200"
Großfischlingen;"4503370303500"
Hainfeld;"4503370303600"
Kleinfischlingen;"4503370304800"
Rhodt unter Rietburg;"4503370306600"
Roschbach;"4503370306900"
Venningen;"4503370307700"
Weyher in der Pfalz;"4503370308400"
Herxheim bei Landau (Pfalz);"4493370403800"
Herxheimweyher;"4493370403900"
Insheim;"4493370404400"
Rohrbach;"4493370406800"
Billigheim-Ingenheim;"4493370500700"
Birkweiler;"4493370500900"
Böchingen;"4493370501200"
Eschbach;"4493370502200"
Frankweiler;"4493370502600"
Göcklingen;"4493370503100"
Heuchelheim-Klingen;"4493370504000"
Ilbesheim bei Landau (Pfalz);"4493370504200"
Impflingen;"4493370504300"
Knöringen;"4493370505000"
Leinsweiler;"4493370505100"
Ranschbach;"4493370506500"
Siebeldingen;"4493370507300"
Walsheim;"4493370508200"
Kirrweiler (Pfalz);"4503370604700"
Maikammer;"4503370605200"
Sankt Martin;"4503370607000"
Bornheim;"4513370701400"
Essingen;"4513370702300"
Hochstadt (Pfalz);"4513370704100"
Offenbach an der Queich;"4513370706100"
"Bobenheim-Roxheim, Verbandsfreie Gemeinde";"3353380000400"
"Böhl-Iggelheim, Verbandsfreie Gemeinde";"3383380000500"
"Limburgerhof, Verbandsfreie Gemeinde";"3383380001700"
"Mutterstadt, Verbandsfreie Gemeinde";"3383380001900"
"Schifferstadt, Verbandsfreie Gemeinde";"3393380002500"
Dannstadt-Schauernheim;"3383380100600"
Hochdorf-Assenheim;"3383380101400"
Rödersheim-Gronau;"3383380102200"
Birkenheide;"3383380400300"
Fußgönheim;"3383380400800"
Maxdorf;"3383380401800"
Beindersheim;"3353380600200"
Großniedesheim;"3353380600900"
Heßheim;"3353380601200"
Heuchelheim bei Frankenthal;"3353380601300"
Kleinniedesheim;"3353380601500"
Lambsheim;"3353380601600"
Dudenhofen;"3393380700700"
Hanhofen;"3393380701000"
Harthausen;"3393380701100"
Römerberg;"3393380702300"
Altrip;"3383380800100"
Neuhofen;"3383380802000"
Otterstadt;"3383380802100"
Waldsee;"3383380802600"
"Budenheim, Verbandsfreie Gemeinde";"3313390000900"
Bacharach;"3303390100300"
Breitscheid;"3303390100700"
Manubach;"3303390103600"
Münster-Sarmsheim;"3303390103800"
Niederheimbach;"3303390104000"
Oberdiebach;"3303390104400"
Oberheimbach;"3303390104500"
Trechtingshausen;"3303390105800"
Waldalgesheim;"3303390106200"
Weiler bei Bingen;"3303390106300"
Bodenheim;"3293390200600"
Gau-Bischofsheim;"3293390202000"
Harxheim;"3293390202600"
Lörzweiler;"3293390203400"
Nackenheim;"3293390203900"
Appenheim;"3303390300100"
Bubenheim;"3303390300800"
Engelstadt;"3303390301600"
Gau-Algesheim;"3303390301900"
Nieder-Hilbersheim;"3303390304100"
Ober-Hilbersheim;"3303390304600"
Ockenheim;"3303390304800"
Schwabenheim an der Selz;"3303390305100"
Essenheim;"3313390601700"
Jugenheim in Rheinhessen;"3313390603100"
Klein-Winternheim;"3313390603200"
Nieder-Olm;"3313390604200"
Ober-Olm;"3313390604700"
Sörgenloch;"3313390605400"
Stadecken-Elsheim;"3313390605700"
Zornheim;"3313390606700"
Dalheim;"3323390701000"
Dexheim;"3323390701100"
Dienheim;"3323390701200"
Dolgesheim;"3323390701300"
Eimsheim;"3323390701500"
Friesenheim;"3323390701800"
Guntersblum;"3323390702400"
Hahnheim;"3323390702500"
Hillesheim;"3323390702800"
Köngernheim;"3323390703300"
Ludwigshöhe;"3323390703500"
Mommenheim;"3323390703700"
"Nierstein, St";"3323390704300"
Oppenheim;"3323390704900"
Selzen;"3323390705300"
Uelversheim;"3323390705900"
Undenheim;"3323390706000"
Weinolsheim;"3323390706400"
Wintersheim;"3323390706600"
Dorn-Dürkheim;"3323390720100"
Aspisheim;"3303390800200"
Badenheim;"3303390800400"
Gensingen;"3303390802100"
Grolsheim;"3303390802200"
Horrweiler;"3303390802900"
Sankt Johann;"3303390805000"
Sprendlingen;"3303390805600"
Welgesheim;"3303390806500"
Zotzenheim;"3303390806800"
Wolfsheim;"3303390820200"
Bobenthal;"4483400100100"
Busenberg;"4483400100200"
Dahn;"4483400100400"
Erfweiler;"4483400100900"
Erlenbach bei Dahn;"4483400101000"
Fischbach bei Dahn;"4483400101100"
Hirschthal;"4483400102100"
Ludwigswinkel;"4483400102900"
Niederschlettenbach;"4483400103300"
Nothweiler;"4483400103400"
Rumbach;"4483400103900"
Schindhard;"4483400104300"
Schönau (Pfalz);"4483400104500"
Bruchweiler-Bärenbach;"4483400150100"
Bundenthal;"4483400150200"
Darstein;"4483400200500"
Dimbach;"4483400200600"
Hauenstein;"4483400201400"
Hinterweidenthal;"4483400202000"
Lug;"4483400203000"
Schwanheim;"4483400204700"
Spirkelbach;"4483400204900"
Wilgartswiesen;"4483400205700"
Eppenbrunn;"4483400300800"
Hilst;"4483400301900"
Kröppen;"4483400302600"
Lemberg;"4483400302800"
Obersimten;"4483400303600"
Ruppertsweiler;"4483400304000"
Schweix;"4483400304800"
Trulben;"4483400305200"
Vinningen;"4483400305300"
Bottenbach;"4483400320500"
Clausen;"4483400400300"
Donsieders;"4483400400700"
Leimen;"4483400402700"
Merzalben;"4483400403100"
Münchweiler an der Rodalb;"4483400403200"
Rodalben;"4483400403800"
Geiselberg;"4473400601200"
Heltersberg;"4473400601500"
Hermersberg;"4473400601600"
Höheinöd;"4473400602200"
Horbach;"4473400602500"
Schmalenberg;"4473400604400"
Steinalben;"4473400605000"
Waldfischbach-Burgalben;"4473400605400"
Althornbach;"4473400820100"
Battweiler;"4473400820200"
Bechhofen;"4473400820300"
Contwig;"4473400820600"
Dellfeld;"4473400820700"
Dietrichingen;"4473400820800"
Großbundenbach;"4473400820900"
Großsteinhausen;"4473400821000"
Hornbach;"4473400821100"
Käshofen;"4473400821200"
Kleinbundenbach;"4473400821300"
Kleinsteinhausen;"4473400821400"
Mauschbach;"4473400821800"
Riedelberg;"4473400822100"
Rosenkopf;"4473400822300"
Walshausen;"4473400822600"
Wiesbach;"4473400822700"
Herschberg;"4473400901700"
Hettenhausen;"4473400901800"
Höheischweiler;"4473400902300"
Höhfröschen;"4473400902400"
Nünschweiler;"4473400903500"
Petersberg;"4473400903700"
Saalstadt;"4473400904100"
Schauerberg;"4473400904200"
Thaleischweiler-Fröschen;"4473400905100"
Weselberg;"4473400905500"
Biedershausen;"4473400920400"
Knopp-Labach;"4473400921500"
Krähenberg;"4473400921600"
Maßweiler;"4473400921700"
Obernheim-Kirchenarnbach;"4473400921900"
Reifenberg;"4473400922000"
Rieschweiler-Mühlbach;"4473400922200"
Schmitshausen;"4473400922400"
Wallhalben;"4473400922500"
Winterbach (Pfalz);"4473400922800"
Andernach/Kernstadt;"1111370000301"
Andernach/Miesenheim;"1111370000304"
Andernach/Eich;"1111370000302"
Andernach/Kell;"1111370000303"
Andernach/Namedy;"1111370000305"
Bad Dürkheim/West;"4423320000206"
Bad Dürkheim/Leistadt;"4423320000210"
Bad Dürkheim/Hardenburg;"4423320000209"
Bad Dürkheim/Grethen;"4423320000208"
Bad Dürkheim/Seebach;"4423320000207"
Bad Dürkheim/Süd;"4423320000204"
Bad Dürkheim/Nordwest;"4423320000205"
Bad Dürkheim/Mitte;"4423320000201"
Bad Dürkheim/Nord;"4423320000202"
Bad Dürkheim/Ungstein;"4423320000211"
Bad Dürkheim/Ost;"4423320000203"
Bad Kreuznach/Kernstadt;"2171330000605"
Bad Kreuznach/Ippesheim;"2171330000603"
Bad Kreuznach/Planig;"2171330000601"
Bad Kreuznach/Bosenheim;"2171330000602"
Bad Kreuznach/Winzenheim;"2171330000604"
Bad Münster am Stein Ebernburg;"2171330000607"
Bendorf/Stadt;"1101370020301"
Bendorf/Mülhofen;"1101370020303"
Bendorf/Sayn;"1101370020302"
Bendorf/Stromberg;"1101370020304"
Bingen/Büdesheim;"3303390000503"
Bingen/Stadt;"3303390000501"
Bingen/Gaulsheim;"3303390000506"
Bingen/Kempten;"3303390000507"
Bingen/Bingerbrück;"3303390000502"
Bingen/Dietersheim;"3303390000504"
Bingen/Sponsheim;"3303390000508"
Bingen/Dromersheim;"3303390000505"
Boppard/Boppard;"2161400050101"
Boppard/Holzfeld;"2161400050106"
Boppard/Rheinbay;"2161400050108"
Boppard/Hirzenach;"2161400050105"
Boppard/Weiler;"2161400050110"
Boppard/Bad Salzig;"2161400050102"
Boppard/Buchholz;"2161400050103"
Boppard/Oppenhausen;"2161400050107"
Boppard/Herschwiesen;"2161400050104"
Boppard/Udenhausen;"2161400050109"
Bruchmühlbach-Miesau/Miesau;"4463350100302"
Bruchmühlbach-Miesau/Bruchmühlbach;"4463350100301"
Bruchmühlbach-Miesau/Vogelbach;"4463350100304"
Bruchmühlbach-Miesau/Elschbach;"4463350100303"
Bruchmühlbach-Miesau/Buchholz;"4463350100305"
Cochem;"2151350102001"
Cochem/Brauheck;"2151350102004"
Cochem/Sehl;"2151350102003"
Cochem/Cond;"2151350102002"
Daun-Stadt;"2202330150110"
Daun-Boverath;"2202330150120"
Daun-Gemünden;"2202330150130"
Daun-Weiersbach;"2202330150190"
Daun-Pützborn;"2202330150150"
Daun-Neunkirchen;"2202330150140"
Daun-Steinborn;"2202330150170"
Daun-Waldkönigen;"2202330150180"
Daun-Rengen;"2202330150160"
Germersheim/Germersheim;"4513340000701"
Germersheim/Sondernheim;"4513340000702"
Idar-Oberstein/Oberstein;"2191340004501"
Idar-Oberstein/Idar;"2191340004502"
Idar-Oberstein/Tiefenstein;"2191340004503"
Idar-Oberstein/Algenrodt;"2191340004504"
Idar-Oberstein/Enzweiler;"2191340004505"
Idar-Oberstein/Hammerstein;"2191340004506"
Idar-Oberstein/Kirchenbollenbach;"2191340004507"
Idar-Oberstein/Mittelbollenbach;"2191340004508"
Idar-Oberstein/Nahbollenbach;"2191340004509"
Idar-Oberstein/Weierbach;"2191340004510"
Idar-Oberstein/Georg-Weierbach;"2191340004511"
Idar-Oberstein/Göttschied;"2191340004512"
Idar-Oberstein/Regulshausen;"2191340004513"
Ingelheim/Mitte;"3313390003001"
Ingelheim/West;"3313390003004"
Ingelheim/Nord;"3313390003003"
Ingelheim/Sporkenheim;"3313390003005"
Ingelheim/Süd;"3313390003002"
Ingelheim/Großwinterheim;"3313390003006"
Wackernheim;"3313390003008"
Heidesheim;"3313390003007"
Kaiserslautern/Betzenberg;"4453120000006"
Kaiserslautern/Mölschbach;"4453120000014"
Kaiserslautern/Dansenberg;"4453120000015"
Kaiserslautern/Hohenecken;"4443120000016"
Kaiserslautern/Einsiedlerhof;"4453120000011"
Kaiserslautern/Siegelbach;"4453120000017"
Kaiserslautern/Erfenbach;"4453120000018"
Kaiserslautern/Erzhütten/Wiesenthalerhof;"4443120000010"
Kaiserslautern/Erlenbach;"4453120000013"
Kaiserslautern/Morlautern;"4453120000012"
Kaiserslautern/Grübentälchen/Volkspark;"4443120000005"
Kaiserslautern/Innenstadt Nord/Kaiserberg;"4443120000004"
Kaiserslautern/Lämmchesberg/Uniwohnstadt;"4453120000007"
Kaiserslautern/Bännjerrück/Karl-Pfaff-Siedlung;"4443120000008"
Kaiserslautern-West;"4443120000009"
Kaiserslautern/Innenstadt West/Kotten;"4443120000003"
Kaiserslautern/Innenstadt Ost;"4443120000001"
Kaiserslautern/Innenstadt-Südwest;"4443120000002"
Koblenz/Karthäuserhofgelände;"1091110000015"
Koblenz/Rübenach;"1091110000052"
Koblenz/Bubenheim;"1091110000053"
Koblenz/Kesselheim;"1091110000050"
Koblenz/Wallersheim;"1091110000044"
Koblenz/Metternich;"1091110000041"
Koblenz/Lützel;"1091110000040"
Koblenz/Neuendorf;"1091110000043"
Koblenz/Niederberg;"1081110000071"
Koblenz/Arenberg;"1081110000081"
Koblenz/Arzheim;"1081110000080"
Koblenz/Ehrenbreitstein;"1081110000070"
Koblenz/Altstadt;"1091110000010"
Koblenz/Rauental;"1091110000018"
Koblenz/Güls;"1091110000051"
Koblenz/Lay;"1091110000021"
Koblenz/Moselweiß;"1091110000019"
Koblenz/Goldgrube;"1091110000017"
Koblenz/Mitte;"1091110000011"
Koblenz/Süd;"1091110000012"
Koblenz/Karthause Nord;"1091110000014"
Koblenz/Karthause Flugfeld;"1091110000016"
Koblenz/Horchheimer Höhe;"1081110000076"
Koblenz/Oberwerth;"1091110000013"
Koblenz/Stolzenfels;"1091110000020"
Koblenz/Horchheim;"1081110000075"
Koblenz/Pfaffendorf;"1081110000073"
Koblenz/Asterstein;"1081110000072"
Koblenz/Pfaffendorfer Höhe;"1081110000074"
Landau/Landau;"4503130000009"
Landau/Dammheim;"4503130000004"
Landau/Godramstein;"4503130000005"
Landau/Arzheim;"4503130000003"
Landau/Mörzheim;"4503130000006"
Landau/Wollmesheim;"4503130000008"
Landau/Mörlheim;"4503130000002"
Landau/Nußdorf;"4503130000007"
Landau/Queichheim;"4503130000001"
Ludwigshafen/BASF;"3363140000099"
Ludwigshafen/Rheingönheim;"3363140000052"
Ludwigshafen/Maudach;"3373140000042"
Ludwigshafen/Ruchheim;"3373140000035"
Ludwigshafen/Oggersheim;"3373140000031"
Ludwigshafen/Edigheim;"3373140000022"
Ludwigshafen/Pfingstweide;"3373140000023"
Ludwigshafen/Oppau;"3373140000021"
Ludwigshafen/Gartenstadt;"3373140000041"
Ludwigshafen/Mundenheim;"3363140000051"
Ludwigshafen/Süd;"3363140000012"
Ludwigshafen/Mitte;"3363140000011"
Ludwigshafen/West;"3363140000014"
Ludwigshafen/Nord;"3363140000013"
Ludwigshafen/Friesenheim;"3363140000015"
Mainz/Oberstadt;"3273150000024"
Mainz/Laubenheim;"3293150000072"
Mainz/Weisenau;"3283150000071"
Mainz/Marienborn;"3293150000052"
Mainz/Ebersheim;"3293150000062"
Mainz/Hechtsheim;"3283150000061"
Mainz/Altstadt;"3273150000015"
Mainz/Bretzenheim;"3283150000051"
Mainz/Lerchenberg;"3293150000053"
Mainz/Drais;"3293150000054"
Mainz/Finthen;"3293150000042"
Mainz/Gonsenheim;"3283150000041"
Mainz/Mombach;"3283150000031"
Mainz/Hartenberg/Münchfeld;"3273150000025"
Mainz/Neustadt;"3273150000016"
Mayen/Kernstadt;"1121370006801"
Mayen/Kürrenberg;"1121370006804"
Mayen/Nitztal;"1121370006805"
Mayen/Alzheim;"1121370006802"
Mayen/Hausen;"1121370006803"
Morbach/Wederath;"2232310050216"
Morbach/Hinzerath;"2232310050207"
Morbach/Bischofsdhron;"2232310050201"
Morbach/Gonzerath;"2232310050203"
Morbach/Rapperath;"2232310050215"
Morbach/Merscheid;"2232310050211"
Morbach/Haag;"2232310050205"
Morbach/Hunolstein;"2232310050210"
Morbach/Morscheid-Riedenburg;"2232310050213"
Morbach/Hundheim;"2232310050209"
Morbach/Weiperath;"2232310050217"
Morbach/Morbach;"2232310050212"
Morbach/Gutenthal;"2232310050204"
Neuwied / Innenstadt;"1041380004517"
Neuwied/Engers;"1041380004512"
Neuwied/Block;"1041380004511"
Neuwied/Heimbach-Weis;"1041380004516"
Neuwied/Gladbach;"1041380004514"
Neuwied/Oberbieber;"1041380004520"
Neuwied/Niederbieber;"1041380004519"
Neuwied/Segendorf;"1041380004522"
Neuwied/Altwied;"1041380004510"
Neuwied/Rodenbach;"1041380004521"
Neuwied/Feldkirchen;"1041380004513"
Neuwied/Irlich;"1041380004518"
Neuwied/Torney;"1041380004523"
Neuwied/Heddesdorf;"1041380004515"
Remagen/Stadt;"1131310007002"
Remagen/Kripp;"1131310007001"
Remagen/Unkelbach;"1131310007006"
Remagen/Oedingen;"1131310007004"
Remagen/Oberwinter;"1131310007003"
Remagen/Rolandswerth;"1131310007005"
Sinzig;"1131310007750"
Sinzig / Koisdorf;"1131310007730"
Sinzig / Westum;"1131310007760"
Sinzig / Bad Bodendorf;"1131310007710"
Sinzig / Löhndorf;"1131310007740"
Sinzig / Franken;"1131310007720"
Speyer/Neuland;"3393180000021"
Speyer/West;"3393180000015"
Speyer/Nord-West;"3393180000017"
Speyer/Nord-Ost;"3393180000018"
Speyer/Kernstadt-Nord;"3393180000011"
Speyer/Im Vogelgesang;"3393180000022"
Speyer/Süd;"3393180000013"
Speyer/Im Erlich;"3393180000016"
Speyer/Süd-West;"3393180000014"
Speyer/Kernstadt-Süd;"3393180000012"
Speyer/Nördlich der Autobahn;"3393180000028"
Speyer/Speyer-Nord;"3393180000027"
Trier/Irsch;"2252110000045"
Trier/Euren;"2252110000032"
Trier/Zewen;"2252110000033"
Trier/Trier-West-Pallien;"2252110000031"
Trier/Biewer;"2242110000023"
Trier/Ehrang-Quint;"2242110000021"
Trier/Ruwer-Eitelsbach;"2242110000024"
Trier/Pfalzel;"2242110000022"
Trier/Mariahof;"2252110000053"
Trier/Feyen-Weismark;"2252110000051"
Trier/Heiligkreuz;"2252110000052"
Trier/Olewig;"2252110000041"
Trier/Mitte-Gartenfeld;"2252110000011"
Trier/Süd;"2252110000013"
Trier/Nord;"2252110000012"
Trier/Kürenz;"2252110000042"
Trier/Filsch;"2252110000044"
Trier/Tarforst;"2252110000043"
Trier/Kernscheid;"2252110000046"
Worms/Süd;"3333190000011"
Worms/Ibersheim;"3333190000072"
Worms/Rheindürkheim;"3333190000071"
Worms/Pfeddersheim;"3333190000061"
Worms/Abenheim;"3333190000062"
Worms/Heppenheim;"3333190000054"
Worms/Wiesoppenheim;"3333190000053"
Worms/Weinsheim;"3333190000052"
Worms/Karl-Marx-Siedlung;"3333190000012"
Worms/Horchheim;"3333190000051"
Worms/Pfiffligheim;"3333190000041"
Worms/Leiselheim;"3333190000045"
Worms/Herrnsheim;"3333190000044"
Worms/Nord;"3333190000021"
Worms/Hochheim;"3333190000042"
Worms/Neuhausen;"3333190000043"
Worms/West;"3333190000031"
Worms/Südwest;"3333190000032"
Worms/Stadtzentrum;"3333190000001"
Wörth am Rhein/Büchelberg;"4523340050104"
Wörth am Rhein/Schaidt;"4523340050103"
Wörth am Rhein/Maximiliansau;"4523340050102"
Wörth am Rhein/Wörth;"4523340050101"
Zweibrücken/Stadtmitte;"4473200000010"
Zweibrücken/Mittelbach;"4473200000014"
Zweibrücken/Wattweiler;"4473200000019"
Zweibrücken/Rimschweiler;"4473200000018"
Zweibrücken/Ixheim;"4473200000013"
Zweibrücken/Bubenhausen;"4473200000011"
Zweibrücken/Ernstweiler;"4473200000012"
Zweibrücken/Mörsbach;"4473200000015"
Zweibrücken/Niederauerbach;"4473200000016"
Zweibrücken/Oberauerbach;"4473200000017"
Kaiserslautern/US Army;"4443120000099"
Landau/Wollmersheimer Wald;"4503130000099"
Neustadt an der Weinstraße/Pfälzerwald;"4433160000099"
